0.0.1.0.1	Q9BQ70	
0.0.2.0.1	Q7RTV0	
0.0.3.0.1	O14593	
0.0.4.0.1	O00287	
0.0.5.0.1	Q00577	
0.0.5.0.2	ENSG00000146676	
0.0.5.0.3	Q9UJV8	
0.0.6.0.1	Q16656	
0.1.1.0.1	Q96S65	
0.1.1.0.2	Q9H175	
0.1.1.0.3	Q8WYN3	
0.2.1.0.1	P23246	
0.2.1.0.1	Q15233	
0.2.1.0.3	Q8WXF1	
0.3.1.0.1	ENSG00000124831	
0.3.1.0.2	Q9Y608	
0.4.1.0.1	ENSG00000086102	
0.4.1.0.1	ENSG00000124201	
0.4.1.0.2	Q6ZNB6	
1.1.1.1.1	P05412	
1.1.1.1.2	P17275	
1.1.1.1.3	P17535	
1.1.1.2.1	Q16621	
1.1.1.2.2	Q14494	
1.1.1.2.3	Q16236	
1.1.1.2.4	Q9Y4A8	
1.1.1.2.5	O14867	
1.1.1.2.6	Q9BYV9	
1.1.1.3.1	P15336	
1.1.1.3.2	P17544	
1.1.1.3.2	P17544	
1.1.1.3.3	ENSG00000146592	
1.1.2.1.1	P01100	
1.1.2.1.2	P53539	
1.1.2.1.3	P15407	
1.1.2.1.4	P15408	
1.1.2.2.1	P18847	
1.1.2.2.2	Q8WYK2	
1.1.3.1.1	O75444	
1.1.3.1.2	ENSG00000182759	
1.1.3.1.3	Q9Y5Q3	
1.1.3.1.4	P54845	
1.1.3.2.1	Q9ULX9	
1.1.3.2.3	O60675	
1.1.4.0.1	Q16520	
1.1.4.0.2	Q8N1L9	
1.1.4.0.3	Q9NR55	
1.1.5.0.1	P17861	
1.1.6.0.1	P18848	
1.1.6.0.2	Q9Y2D1	
1.1.7.1.1	P16220	
1.1.7.1.2	P18846	
1.1.7.1.3	Q03060	
1.1.7.2.1	O43889	
1.1.7.2.2	Q96BA8	
1.1.7.2.3	Q70SY1	
1.1.7.2.4	Q68CJ9	
1.1.7.2.5	Q8TEY5	
1.1.7.3.1	P18850	
1.1.7.3.2	Q99941	
1.1.7.4.1	Q9NS37	
1.1.7.5.1	O60519	
1.1.8.1.1	P49715	
1.1.8.1.2	P17676	
1.1.8.1.3	P53567	
1.1.8.1.4	P49716	
1.1.8.1.5	Q15744	
1.1.8.1.6	P35638	
1.1.8.2.1	Q10586	
1.1.8.2.2	Q16534	
1.1.8.2.3	Q16649	
1.1.8.2.4	Q10587	
1.2.1.0.1	P15923	
1.2.1.0.2	P15884	
1.2.1.0.3	Q99081	
1.2.2.1.1	P15172	
1.2.2.1.2	P15173	
1.2.2.1.3	P13349	
1.2.2.1.4	P23409	
1.2.2.2.1	P50553	
1.2.2.2.2	Q99929	
1.2.2.2.3	Q9NQ33	
1.2.2.2.4	Q6XD76	
1.2.2.2.5	Q7RTU5	
1.2.3.1.1	P17542	
1.2.3.1.2	Q16559	
1.2.3.1.3	P12980	
1.2.3.1.4	Q02575	
1.2.3.1.5	Q02577	
1.2.3.2.1	Q15672	
1.2.3.2.3	O96004	
1.2.3.2.4	Q02577	
1.2.3.2.5	Q12870	
1.2.3.2.6	ENSG00000188686	
1.2.3.2.7	Q7RTS3	
1.2.3.2.8	Q6QHK4	
1.2.3.3.1	Q9BRJ9	
1.2.3.3.2	Q0VG99	
1.2.3.3.3	Q7RTU1	
1.2.3.3.4	O60682	
1.2.3.3.5	O43680	
1.2.3.3.6	A6NI15	
1.2.3.4.10	Q96SQ7	
1.2.3.4.11	Q8NFJ8	
1.2.3.4.12	Q8NDY6	
1.2.3.4.13	Q8TAK6	
1.2.3.4.14	Q13516	
1.2.3.4.15	Q7RTU3	
1.2.3.4.16	Q7RTS1	
1.2.3.4.17	Q96RJ6	
1.2.3.4.1	Q13562	
1.2.3.4.2	Q15784	
1.2.3.4.3	Q9HD90	
1.2.3.4.4	Q96NK8	
1.2.3.4.5	Q92886	
1.2.3.4.6	Q9H2A3	
1.2.3.4.7	Q9Y4Z2	
1.2.3.4.8	Q92858	
1.2.3.4.9	Q8N100	
1.2.3.5.1	Q7RTU4	
1.2.4.1.10	Q9NQ87	
1.2.4.1.11	A6NFD8	
1.2.4.1.12	ENSGGOG00000015864	
1.2.4.1.12	ENSPTRG00000014571	
1.2.4.1.12	O14503	
1.2.4.1.13	ENSPTRG00000004779	
1.2.4.1.13	Q9C0J9	
1.2.4.1.2	Q9Y543	
1.2.4.1.3	Q5TGS1	
1.2.4.1.4	Q9HCC6	
1.2.4.1.5	Q5TA89	
1.2.4.1.6	Q96HZ4	
1.2.4.1.7	Q9BYE0	
1.2.4.1.8	ENSGGOG00000009960	
1.2.4.1.8	ENSPTRG00000020364	
1.2.4.1.8	Q9Y5J3	
1.2.4.1.9	ENSPTRG00000018574	
1.2.4.1.9	Q9UBP5	
1.2.5.1.1	P35869	
1.2.5.1.2	A9YTQ3	
1.2.5.1.3	ENSGGOG00000017108	
1.2.5.1.3	P81133	
1.2.5.1.4	Q14190	
1.2.5.1.5	Q16665	
1.2.5.1.6	Q9Y2N7	
1.2.5.1.7	Q99814	
1.2.5.1.8	Q99742	
1.2.5.1.9	Q8IXF0	
1.2.5.2.1	P27540	
1.2.5.2.2	ENSG00000172379	
1.2.5.2.3	ENSGGOG00000013211	
1.2.5.2.3	O00327	
1.2.5.2.4	Q8WYA1	
1.2.5.2.5	O15516	
1.2.5.2.6	Q99743	
1.2.5.3.1	Q15788	
1.2.5.3.2	Q15596	
1.2.5.3.3	Q9Y6Q9	
1.2.5.4.1	Q8IUM7	
1.2.5.5.1	Q5JUK2	
1.2.5.5.2	Q9NX45	
1.2.5.5.2	Q9NX45	
1.2.5.5.3	Q9UL49	
1.2.6.1.1	P19532	
1.2.6.1.2	P19484	
1.2.6.1.3	O14948	
1.2.6.1.4	O75030	
1.2.6.2.1	P22415	
1.2.6.2.2	Q15853	
1.2.6.3.1	P36956	
1.2.6.3.2	Q12772	
1.2.6.4.1	Q01664	
1.2.6.5.1	P01106	
1.2.6.5.2	P04198	
1.2.6.5.3	P12524	
1.2.6.5.5	P61244	
1.2.6.6.1	Q9UH92	
1.2.6.6.2	Q9HAP2	
1.2.6.6.3	Q9NP71	
1.2.6.7.1	Q05195	
1.2.6.7.2	Q9BW11	
1.2.6.7.3	Q14582	
1.2.6.7.4	Q8IWI9	
1.2.6.7.5	P50539	
1.2.6.7.6	Q99583	
1.2.8.0.1	P41134	
1.2.8.0.2	Q02363	
1.2.8.0.3	Q02535	
1.2.8.0.4	P47928	
1.3.1.0.1	P05549	
1.3.1.0.2	Q92481	
1.3.1.0.3	Q92754	
1.3.1.0.4	Q7Z6R9	
1.3.1.0.5	Q6VUC0	
2.1.1.1.1	P04150	
2.1.1.1.2	P08235	
2.1.1.1.3	P06401	
2.1.1.1.4	P10275	
2.1.1.2.1	P03372	
2.1.1.2.2	Q92731	
2.1.1.2.3	P11474	
2.1.1.2.3	P11474	
2.1.1.2.3	P11474	
2.1.1.2.4	O95718	
2.1.1.2.5	P62508	
2.1.1.2.5	P62508	
2.1.2.1.1	P10276	
2.1.2.1.2	ENSGGOG00000002331	
2.1.2.1.2	P10826	
2.1.2.1.3	ENSMMUG00000022017	
2.1.2.1.3	ENSPTRG00000005007	
2.1.2.1.3	P13631	
2.1.2.2.1	ENSGGOG00000009661	
2.1.2.2.1	P10827	
2.1.2.2.2	ENSGGOG00000007268	
2.1.2.2.2	P10828	
2.1.2.3.1	ENSPTRG00000009113	
2.1.2.3.1	P20393	
2.1.2.3.2	Q14995	
2.1.2.4.1	P11473	
2.1.2.4.2	O75469	
2.1.2.4.3	Q14994	
2.1.2.5.1	Q07869	
2.1.2.5.2	Q03181	
2.1.2.5.3	P37231	
2.1.2.6.1	P35398	
2.1.2.6.2	ENSGGOG00000011970	
2.1.2.6.2	ENSPTRG00000021025	
2.1.2.6.2	Q92753	
2.1.2.6.3	P51449	
2.1.2.7.1	Q13133	
2.1.2.7.2	ENSG00000131408	
2.1.2.7.3	Q96RI1	
2.1.3.1.1	P19793	
2.1.3.1.2	ENSPTRG00000018034	
2.1.3.1.2	P28702	
2.1.3.1.3	ENSPTRG00000023788	
2.1.3.1.3	P48443	
2.1.3.2.1	P41235	
2.1.3.2.2	Q14541	
2.1.3.3.1	Q9Y466	
2.1.3.4.1	P13056	
2.1.3.4.2	P49116	
2.1.3.5.3	ENSG00000160113	
2.1.3.5.3	ENSG00000269095	
2.1.4.0.1	P22736	
2.1.4.0.2	P43354	
2.1.4.0.3	Q92570	
2.1.5.0.1	Q13285	
2.1.5.0.2	ENSGGOG00000010226	
2.1.5.0.2	ENSPPYG00000000379	
2.1.5.0.2	ENSPTRG00000001818	
2.1.5.0.2	O00482	
2.1.6.0.1	Q15406	
2.1.7.0.1	P51843	
2.1.7.0.2	Q15466	
2.2.1.1.1	P15976	
2.2.1.1.3	P23771	
2.2.1.1.4	P43694	
2.2.1.1.5	Q9BWX5	
2.2.1.1.6	Q92908	
2.2.1.2.10	Q9UBC3	
2.2.1.2.11	Q9UJW3	
2.2.1.2.12	P46100	
2.2.1.2.13	Q9UHF7	
2.2.1.2.1	Q8WUU5	
2.2.1.2.2	Q86YP4	
2.2.1.2.3	Q8WXI9	
2.2.1.2.4	Q9P2R6	
2.2.1.2.5	Q13330	
2.2.1.2.6	O94776	
2.2.1.2.6	O94776	
2.2.1.2.7	Q9BTC8	
2.2.1.2.8	P0C6A0	
2.2.1.2.9	Q9Y6K1	
2.3.1.1.1	P08047	
2.3.1.1.2	Q02086	
2.3.1.1.3	Q02447	
2.3.1.1.4	Q02446	
2.3.1.1.5	Q6BEB4	
2.3.1.1.6	Q3SY56	
2.3.1.1.7	Q8TDD2	
2.3.1.1.8	Q8IXZ3	
2.3.1.1.9	P0CG40	
2.3.1.2.10	Q13118	
2.3.1.2.11	O14901	
2.3.1.2.12	Q9Y4X4	
2.3.1.2.13	ENSG00000169926	
2.3.1.2.14	ENSG00000174595	
2.3.1.2.15	Q9UIH9	
2.3.1.2.16	Q9BXK1	
2.3.1.2.17	Q5JT82	
2.3.1.2.1	Q13351	
2.3.1.2.2	Q9Y5W3	
2.3.1.2.3	P57682	
2.3.1.2.4	O43474	
2.3.1.2.5	ENSG00000102554	
2.3.1.2.6	Q99612	
2.3.1.2.7	O75840	
2.3.1.2.8	O95600	
2.3.1.2.9	Q13886	
2.3.1.3.1	P18146	
2.3.1.3.2	P11161	
2.3.1.3.3	Q06889	
2.3.1.3.4	Q05215	
2.3.2.1.10	O43298	
2.3.2.1.11	Q86UZ6	
2.3.2.1.12	Q86T24	
2.3.2.1.1	O15062	
2.3.2.1.2	Q8NAP8	
2.3.2.1.6	O15209	
2.3.2.1.7	Q9Y2Y4	
2.3.2.1.8	Q8NCN2	
2.3.2.1.9	Q5TC79	
2.3.2.2.1	ENSG00000243660	
2.3.2.2.3	Q6ZN79	
2.3.2.2.3	Q6ZN79	
2.3.2.3.1	Q8NBB4	
2.3.2.3.2	Q15697	
2.3.2.3.3	Q96N95	
2.3.2.3.4	Q9NWS9	
2.3.2.4.1	Q96IQ9	
2.3.2.4.2	Q8NB15	
2.3.2.4.2	Q96NZ9	
2.3.2.4.3	Q9UK33	
2.3.2.4.5	Q8NDX6	
2.3.2.4.6	Q8WW38	
2.3.2.4.7	Q8TAX0	
2.3.2.4.8	O00110	
2.3.2.4.9	Q6ZN18	
2.3.3.0.100	P13682	
2.3.3.0.101	ENSG00000173258	
2.3.3.0.102	P10074	
2.3.3.0.103	Q9NSD4	
2.3.3.0.104	Q96PE6	
2.3.3.0.106	Q8TC21	
2.3.3.0.109	O95780	
2.3.3.0.10	ENSG00000196381	
2.3.3.0.110	Q15928	
2.3.3.0.112	P58317	
2.3.3.0.113	Q8NCK3	
2.3.3.0.114	Q86Y25	
2.3.3.0.115	Q9NXT0	
2.3.3.0.118	P21506	
2.3.3.0.119	P17023	
2.3.3.0.11	Q8NC26	
2.3.3.0.120	O43309	
2.3.3.0.121	Q9UC06	
2.3.3.0.122	ENSG00000196152	
2.3.3.0.123	Q9NUA8	
2.3.3.0.124	O95625	
2.3.3.0.125	Q8N9F8	
2.3.3.0.126	ENSG00000179909	
2.3.3.0.127	ENSG00000083817	
2.3.3.0.12	Q86UQ0	
2.3.3.0.130	Q8IZ26	
2.3.3.0.132	Q16587	
2.3.3.0.133	Q09FC8	
2.3.3.0.134	Q8WV37	
2.3.3.0.136	A2RRD8	
2.3.3.0.13	P17026	
2.3.3.0.142	ENSG00000130844	
2.3.3.0.143	Q8TAF7	
2.3.3.0.145	Q6P280	
2.3.3.0.146	Q8N9K5	
2.3.3.0.148	Q86UD4	
2.3.3.0.149	ENSG00000184939	
2.3.3.0.14	ENSG00000178665	
2.3.3.0.150	Q96PQ6	
2.3.3.0.152	P28698	
2.3.3.0.153	Q6P9A1	
2.3.3.0.153	Q7Z340	
2.3.3.0.156	ENSG00000197472	
2.3.3.0.157	B4DU55	
2.3.3.0.158	ENSG00000197863	
2.3.3.0.159	Q6ZMS4	
2.3.3.0.159	Q9P0L1	
2.3.3.0.15	ENSG00000196812	
2.3.3.0.160	ENSG00000167377	
2.3.3.0.160	ENSG00000196150	
2.3.3.0.161	O75123	
2.3.3.0.162	Q96NJ6	
2.3.3.0.165	Q14584	
2.3.3.0.165	Q9BUY5	
2.3.3.0.166	Q5JNZ3	
2.3.3.0.168	Q6ZNH5	
2.3.3.0.169	Q96SZ4	
2.3.3.0.16	Q6ZN11	
2.3.3.0.173	Q6PDB4	
2.3.3.0.174	Q9HBT7	
2.3.3.0.175	ENSG00000196653	
2.3.3.0.176	Q9Y2P0	
2.3.3.0.177	Q96MR9	
2.3.3.0.179	Q5HYK9	
2.3.3.0.17	Q8N8Y5	
2.3.3.0.180	Q6P9A3	
2.3.3.0.183	Q8N7Q3	
2.3.3.0.186	Q14586	
2.3.3.0.188	ENSG00000167766	
2.3.3.0.189	Q3MIS6	
2.3.3.0.18	Q9UL58	
2.3.3.0.190	ENSG00000147789	
2.3.3.0.191	ENSG00000196263	
2.3.3.0.192	Q8NHY6	
2.3.3.0.193	ENSG00000147118	
2.3.3.0.195	Q9NQX1	
2.3.3.0.196	ENSG00000146587	
2.3.3.0.196	ENSG00000164631	
2.3.3.0.197	O75820	
2.3.3.0.1	O43829	
2.3.3.0.202	ENSG00000176293	
2.3.3.0.204	P17020	
2.3.3.0.205	ENSG00000186272	
2.3.3.0.207	Q76KX8	
2.3.3.0.209	ENSG00000173875	
2.3.3.0.20	P17022	
2.3.3.0.215	Q5MCW4	
2.3.3.0.216	P51523	
2.3.3.0.217	O43361	
2.3.3.0.218	Q6IV72	
2.3.3.0.21	P19544	
2.3.3.0.220	ENSG00000096654	
2.3.3.0.221	Q8N8Z8	
2.3.3.0.224	Q8N7K0	
2.3.3.0.225	ENSG00000130684	
2.3.3.0.226	A6NNF4	
2.3.3.0.227	ENSG00000197566	
2.3.3.0.228	O14709	
2.3.3.0.229	Q6ZR52	
2.3.3.0.230	P17038	
2.3.3.0.231	Q8NB50	
2.3.3.0.232	ENSG00000180626	
2.3.3.0.233	Q9UII5	
2.3.3.0.234	O43345	
2.3.3.0.235	Q05481	
2.3.3.0.23	Q9NQX0	
2.3.3.0.24	ENSG00000167685	
2.3.3.0.24	Q9Y2L8	
2.3.3.0.25	Q96N77	
2.3.3.0.26	Q6NUN9	
2.3.3.0.27	Q9NZV7	
2.3.3.0.28	Q8NCP5	
2.3.3.0.30	Q9H609	
2.3.3.0.31	ENSG00000197343	
2.3.3.0.32	P49910	
2.3.3.0.34	P52739	
2.3.3.0.35	Q9GZV8	
2.3.3.0.37	Q86XF7	
2.3.3.0.38	Q6ZSB9	
2.3.3.0.39	Q5VV52	
2.3.3.0.3	Q96IT1	
2.3.3.0.40	Q53GI3	
2.3.3.0.41	Q6P9G9	
2.3.3.0.42	ENSG00000197037	
2.3.3.0.43	Q86W11	
2.3.3.0.45	P51504	
2.3.3.0.46	Q96K75	
2.3.3.0.47	Q9Y5A6	
2.3.3.0.51	Q96C28	
2.3.3.0.54	Q9NPC7	
2.3.3.0.55	O43167	
2.3.3.0.57	A6NM28	
2.3.3.0.58	O95201	
2.3.3.0.59	ENSG00000152475	
2.3.3.0.60	O95125	
2.3.3.0.61	ENSG00000198556	
2.3.3.0.62	Q6ZS27	
2.3.3.0.63	Q86TJ5	
2.3.3.0.64	Q5JVG8	
2.3.3.0.67	Q8IVC4	
2.3.3.0.68	Q5T5D7	
2.3.3.0.6	Q96GC6	
2.3.3.0.70	P10073	
2.3.3.0.71	Q7Z398	
2.3.3.0.72	Q6P2D0	
2.3.3.0.74	Q05516	
2.3.3.0.75	Q92664	
2.3.3.0.76	Q9NPA5	
2.3.3.0.77	Q9NW07	
2.3.3.0.78	Q9H7X3	
2.3.3.0.79	O14978	
2.3.3.0.7	P98182	
2.3.3.0.80	Q9HAH1	
2.3.3.0.81	Q15776	
2.3.3.0.82	ENSG00000124613	
2.3.3.0.83	Q16600	
2.3.3.0.84	Q8N3J9	
2.3.3.0.87	ENSG00000186446	
2.3.3.0.89	Q8N9Z0	
2.3.3.0.91	Q6AZW8	
2.3.3.0.92	Q9H116	
2.3.3.0.93	Q9H9D4	
2.3.3.0.94	Q5T619	
2.3.3.0.95	Q9H5H4	
2.3.3.0.96	Q6ZMY9	
2.3.3.0.97	ENSG00000152433	
2.3.3.0.98	Q5HY98	
2.3.3.0.99	ENSG00000197928	
2.3.3.0.9	Q8N2R0	
2.3.3.0.9	Q8N2R0	
2.3.3.10.1	P17028	
2.3.3.10.2	O15535	
2.3.3.10.3	Q3MJ62	
2.3.3.10.4	P10075	
2.3.3.10.5	ENSG00000167840	
2.3.3.10.6	P17029	
2.3.3.10.7	Q96LW9	
2.3.3.1.10	Q8N9L1	
2.3.3.1.11	ENSG00000139800	
2.3.3.11.1	Q15916	
2.3.3.11.2	ENSG00000171448	
2.3.3.11.3	Q9Y330	
2.3.3.1.1	P08151	
2.3.3.12.1	O75626	
2.3.3.12.2	ENSG00000176083	
2.3.3.1.2	P10070	
2.3.3.13.1	Q9UQR1	
2.3.3.13.2	Q9Y2X9	
2.3.3.1.3	P10071	
2.3.3.14.1	Q9HC78	
2.3.3.14.2	Q96K62	
2.3.3.1.4	Q8NBF1	
2.3.3.15.1	Q96C55	
2.3.3.15.2	Q9P0T4	
2.3.3.1.5	Q9BZE0	
2.3.3.16.1	Q99592	
2.3.3.16.2	B2RXF5	
2.3.3.1.6	ENSG00000107249	
2.3.3.17.1	O14753	
2.3.3.17.2	Q9BRP0	
2.3.3.1.7	Q15915	
2.3.3.18.3	P52744	
2.3.3.1.8	O95409	
2.3.3.19.1	O60304	
2.3.3.19.2	ENSG00000236609	
2.3.3.19.3	Q63HK3	
2.3.3.19.4	Q8IWY8	
2.3.3.19.5	Q9NX65	
2.3.3.1.9	O60481	
2.3.3.20.1	A0PJY2	
2.3.3.20.2	Q8TBJ5	
2.3.3.21.1	Q99684	
2.3.3.21.2	Q5VTD9	
2.3.3.2.1	ENSG00000124216	
2.3.3.22.1	Q8N143	
2.3.3.22.2	P41182	
2.3.3.2.2	O43623	
2.3.3.23.1	Q9UDV6	
2.3.3.23.2	Q9ULD5	
2.3.3.2.3	Q3KNW1	
2.3.3.24.1	Q14872	
2.3.3.24.2	Q86VK4	
2.3.3.2.4	ENSG00000170616	
2.3.3.25.1	Q9UPG8	
2.3.3.25.2	Q6DJT9	
2.3.3.25.3	Q9UM63	
2.3.3.2.5	Q9NQ03	
2.3.3.26.1	Q9BRR0	
2.3.3.26.2	Q969J2	
2.3.3.27.1	Q8N782	
2.3.3.27.2	Q9NV72	
2.3.3.27.3	Q7L2R6	
2.3.3.27.4	Q5VIY5	
2.3.3.28.1	P36508	
2.3.3.28.2	P52747	
2.3.3.29.1	Q9Y2D9	
2.3.3.29.2	Q9UFB7	
2.3.3.30.1	Q9GZX5	
2.3.3.30.2	Q9BSK1	
2.3.3.30.3	ENSG00000198093	
2.3.3.30.4	ENSG00000176024	
2.3.3.30.5	ENSG00000142556	
2.3.3.31.1	Q49AA0	
2.3.3.31.2	ENSG00000187801	
2.3.3.31.3	Q96NI8	
2.3.3.31.4	Q96ND8	
2.3.3.3.1	Q96JP5	
2.3.3.32.1	Q8IYX0	
2.3.3.3.2	Q9BU19	
2.3.3.33.10	ENSG00000175691	
2.3.3.33.10	ENSG00000196110	
2.3.3.33.11	Q9ULM2	
2.3.3.33.12	Q8TA94	
2.3.3.33.13	Q68EA5	
2.3.3.33.15	P52737	
2.3.3.33.16	ENSG00000249709	
2.3.3.33.17	ENSG00000132010	
2.3.3.33.18	C9JN71	
2.3.3.33.19	Q8NEP9	
2.3.3.33.1	Q0D2J5	
2.3.3.33.2	Q08AG5	
2.3.3.33.2	Q8N8L2	
2.3.3.33.3	Q96I27	
2.3.3.33.4	Q96BR6	
2.3.3.33.5	Q9BS34	
2.3.3.33.6	Q15973	
2.3.3.33.7	ENSG00000196757	
2.3.3.33.7	ENSG00000198551	
2.3.3.33.8	Q8NDP4	
2.3.3.33.9	ENSG00000171295	
2.3.3.33.9	ENSG00000198429	
2.3.3.3.3	Q8N554	
2.3.3.34.1	ENSG00000166526	
2.3.3.34.2	ENSG00000186812	
2.3.3.3.4	Q96CK0	
2.3.3.35.1	Q6ZNG0	
2.3.3.35.2	Q6ZSS3	
2.3.3.35.3	ENSG00000186017	
2.3.3.35.4	Q8N2I2	
2.3.3.35.5	Q8NA42	
2.3.3.35.6	Q3KNS6	
2.3.3.35.7	Q96NG8	
2.3.3.36.1	O75467	
2.3.3.36.2	Q6AW86	
2.3.3.37.1	Q5T0B9	
2.3.3.37.2	Q8TF68	
2.3.3.38.1	Q9UDV7	
2.3.3.38.2	Q8TD17	
2.3.3.39.1	Q96H86	
2.3.3.39.1	Q9BV97	
2.3.3.39.2	ENSG00000197162	
2.3.3.39.3	ENSG00000179965	
2.3.3.40.1	Q13360	
2.3.3.40.1	Q13360	
2.3.3.40.2	ENSG00000214029	
2.3.3.40.3	Q96JL9	
2.3.3.41.1	P17041	
2.3.3.41.2	Q3SY52	
2.3.3.4.1	P59817	
2.3.3.42.2	Q96HQ0	
2.3.3.42.2	Q96HQ0	
2.3.3.4.2	ENSG00000198477	
2.3.3.43.1	Q96NG5	
2.3.3.43.2	Q8N988	
2.3.3.4.3	Q8ND82	
2.3.3.44.1	Q9NR11	
2.3.3.44.2	ENSG00000163067	
2.3.3.44.3	Q2M3W8	
2.3.3.44.4	P52738	
2.3.3.4.4	Q6N043	
2.3.3.45.1	Q6V9R5	
2.3.3.45.2	P0C7V5	
2.3.3.45.3	Q8N587	
2.3.3.45.4	Q9BR84	
2.3.3.45.5	Q147U1	
2.3.3.4.5	Q7Z3K3	
2.3.3.46.1	P98168	
2.3.3.46.2	P98169	
2.3.3.46.3	Q2QGD7	
2.3.3.47.10	Q02386	
2.3.3.47.11	ENSG00000167383	
2.3.3.47.12	ENSG00000131115	
2.3.3.47.13	ENSG00000167380	
2.3.3.47.14	Q14588	
2.3.3.47.1	Q9UK12	
2.3.3.47.3	Q9UIE0	
2.3.3.47.4	Q12901	
2.3.3.47.5	Q9UK13	
2.3.3.47.6	Q9NZL3	
2.3.3.47.7	Q9UK10	
2.3.3.47.8	Q2VY69	
2.3.3.47.9	Q14590	
2.3.3.48.1	B4DX44	
2.3.3.48.2	ENSG00000257482	
2.3.3.49.1	Q9HBT8	
2.3.3.49.2	P0CG31	
2.3.3.50.1	P49711	
2.3.3.50.2	Q8NI51	
2.3.3.51.1	Q8N895	
2.3.3.51.2	Q8N1W2	
2.3.3.5.1	Q9BUG6	
2.3.3.52.1	Q6U7Q0	
2.3.3.5.2	A6NJL1	
2.3.3.53.1	ENSG00000188785	
2.3.3.53.1	ENSG00000268133	
2.3.3.53.2	Q68DI1	
2.3.3.53.2	Q68DI1	
2.3.3.5.3	A6NGD5	
2.3.3.54.1	Q14592	
2.3.3.54.2	O43296	
2.3.3.54.3	Q5CZA5	
2.3.3.54.4	Q08ER8	
2.3.3.54.5	Q96NL3	
2.3.3.5.4	P0CG00	
2.3.3.55.1	Q15072	
2.3.3.55.2	Q3ZCT1	
2.3.3.5.5	Q8NAM6	
2.3.3.56.1	Q9UL59	
2.3.3.56.2	Q96NJ3	
2.3.3.56.3	ENSG00000159915	
2.3.3.57.1	A6NK75	
2.3.3.57.1	A6NP11	
2.3.3.57.1	A8MTY0	
2.3.3.57.1	B4DXR9	
2.3.3.57.1	ENSG00000262037	
2.3.3.57.1	O75346	
2.3.3.57.1	O75373	
2.3.3.57.1	O75437	
2.3.3.57.1	P35789	
2.3.3.57.1	Q03923	
2.3.3.57.1	Q03924	
2.3.3.57.1	Q03936	
2.3.3.57.1	Q03938	
2.3.3.57.1	Q14593	
2.3.3.57.1	Q5SXM1	
2.3.3.57.1	Q68DY1	
2.3.3.57.1	Q6ZMV8	
2.3.3.57.1	Q6ZN08	
2.3.3.57.1	Q86V71	
2.3.3.57.1	Q8IYN0	
2.3.3.57.1	Q8NEM1	
2.3.3.57.1	Q8TD23	
2.3.3.57.1	Q8TF32	
2.3.3.57.1	Q96JC4	
2.3.3.57.1	Q96JC4	
2.3.3.57.1	Q96JC4	
2.3.3.57.1	Q96JC4	
2.3.3.57.1	Q96N22	
2.3.3.57.1	Q9H8G1	
2.3.3.57.1	Q9P255	
2.3.3.57.1	Q9Y2Q1	
2.3.3.58.1	Q9UJW8	
2.3.3.58.2	Q6NX49	
2.3.3.58.3	Q9C0F3	
2.3.3.58.4	Q7Z3I7	
2.3.3.58.5	Q6NX45	
2.3.3.58.6	Q7Z7L9	
2.3.3.61.1	Q6P1L6	
2.3.3.61.2	ENSG00000181666	
2.3.3.61.3	Q14929	
2.3.3.61.4	P52736	
2.3.3.6.1	Q96N20	
2.3.3.62.1	Q6ZN57	
2.3.3.62.2	Q9NQZ8	
2.3.3.62.3	ENSG00000198453	
2.3.3.63.1	Q9Y2G7	
2.3.3.63.2	Q8N141	
2.3.3.63.3	Q9HCL3	
2.3.3.6.3	P51815	
2.3.3.64.1	O60765	
2.3.3.64.2	Q96LW1	
2.3.3.6.4	ENSG00000085644	
2.3.3.65.1	P08048	
2.3.3.65.1	P17010	
2.3.3.66.1	Q96CS4	
2.3.3.66.2	Q499Z4	
2.3.3.67.10	Q86UE3	
2.3.3.67.1	Q8N7M2	
2.3.3.67.2	ENSG00000251247	
2.3.3.67.3	Q494X3	
2.3.3.67.4	Q8NDQ6	
2.3.3.67.5	P17039	
2.3.3.67.6	Q8TAQ5	
2.3.3.67.7	ENSG00000198182	
2.3.3.67.8	ENSG00000187187	
2.3.3.67.9	Q96SK3	
2.3.3.68.1	P51508	
2.3.3.68.2	Q9Y473	
2.3.3.68.3	P51814	
2.3.3.68.4	Q5JVG2	
2.3.3.68.6	Q6P3V2	
2.3.3.69.1	ENSG00000175395	
2.3.3.69.2	ENSG00000147117	
2.3.3.69.3	Q9Y6Q3	
2.3.3.69.4	Q8N184	
2.3.3.69.5	ENSG00000196597	
2.3.3.69.6	Q06730	
2.3.3.69.7	Q06732	
2.3.3.70.1	P17031	
2.3.3.70.2	ENSG00000090612	
2.3.3.71.1	Q96RE9	
2.3.3.71.2	Q86T29	
2.3.3.7.1	P0CH99	
2.3.3.7.1	P0CH99	
2.3.3.72.1	Q6ZN06	
2.3.3.72.2	A6NHJ4	
2.3.3.72.3	Q8N823	
2.3.3.72.4	Q6ZNG1	
2.3.3.72.5	Q8N4W9	
2.3.3.72.7	Q96IR2	
2.3.3.7.2	A8MVS1	
2.3.3.73.1	ENSG00000180257	
2.3.3.73.2	P17035	
2.3.3.7.3	A8MUZ8	
2.3.3.74.1	Q9H7R0	
2.3.3.74.2	P16415	
2.3.3.74.3	P15621	
2.3.3.74.4	Q96GE5	
2.3.3.74.5	Q9Y2A4	
2.3.3.7.4	A8MWA4	
2.3.3.75.1	ENSG00000256087	
2.3.3.75.2	ENSG00000197619	
2.3.3.76.1	Q9H7R5	
2.3.3.76.2	Q9HCG1	
2.3.3.76.3	Q96SE7	
2.3.3.77.1	ENSG00000197701	
2.3.3.77.2	Q8TF20	
2.3.3.78.1	P17017	
2.3.3.78.2	Q8N972	
2.3.3.79.1	Q6ZN19	
2.3.3.79.2	Q6ZNA1	
2.3.3.79.3	Q08AN1	
2.3.3.80.1	A8MXY4	
2.3.3.80.2	A6NN14	
2.3.3.8.1	O95365	
2.3.3.8.2	O15156	
2.3.3.8.3	A1YPR0	
2.3.3.9.1	P25490	
2.3.3.9.2	O15391	
2.3.3.9.3	Q96MM3	
2.3.4.0.10	Q9ULJ3	
2.3.4.0.12	Q9H4Q3	
2.3.4.0.13	ENSG00000167395	
2.3.4.0.14	ENSG00000218891	
2.3.4.0.15	Q92766	
2.3.4.0.16	Q13029	
2.3.4.0.17	Q2TB10	
2.3.4.0.18	Q5T7W0	
2.3.4.0.19	Q9NRM2	
2.3.4.0.1	Q86V15	
2.3.4.0.21	Q9Y4E5	
2.3.4.0.22	Q7Z4V0	
2.3.4.0.23	Q9GZU2	
2.3.4.0.24	Q8TCN5	
2.3.4.0.25	Q9UL36	
2.3.4.0.26	Q6IQ21	
2.3.4.0.27	Q13127	
2.3.4.0.28	Q9NU63	
2.3.4.0.2	Q9H4Z2	
2.3.4.0.30	Q96LX8	
2.3.4.0.31	Q9UKN5	
2.3.4.0.32	P57071	
2.3.4.0.33	Q5SVQ8	
2.3.4.0.34	Q9NQV6	
2.3.4.0.35	Q9BYN7	
2.3.4.0.36	Q8N8E2	
2.3.4.0.37	P52746	
2.3.4.0.38	ENSG00000179943	
2.3.4.0.39	Q5EBL2	
2.3.4.0.3	Q9NQV8	
2.3.4.0.40	Q8NCA9	
2.3.4.0.41	ENSG00000143067	
2.3.4.0.42	Q9Y2L8	
2.3.4.0.44	Q96BV0	
2.3.4.0.45	Q7Z7K2	
2.3.4.0.46	Q6DD87	
2.3.4.0.48	ENSG00000135045	
2.3.4.0.48	ENSG00000180035	
2.3.4.0.49	ENSG00000102870	
2.3.4.0.4	O95785	
2.3.4.0.50	Q96K58	
2.3.4.0.51	Q8IZC7	
2.3.4.0.52	Q9BRH9	
2.3.4.0.53	P59923	
2.3.4.0.56	P17040	
2.3.4.0.57	Q2M3X9	
2.3.4.0.59	O14628	
2.3.4.0.5	Q96JG9	
2.3.4.0.60	Q6ZQV5	
2.3.4.0.63	Q96MU6	
2.3.4.0.67	Q8WXB4	
2.3.4.0.68	ENSG00000175322	
2.3.4.0.68	ENSG00000197302	
2.3.4.0.69	Q9HCX3	
2.3.4.0.6	Q8IX07	
2.3.4.0.70	P52740	
2.3.4.0.71	Q9NQV7	
2.3.4.0.72	Q13105	
2.3.4.0.73	Q9C0G0	
2.3.4.0.74	Q66K89	
2.3.4.0.75	ENSG00000242631	
2.3.4.0.75	Q96JM2	
2.3.4.0.76	Q9H582	
2.3.4.0.7	Q9P1Z0	
2.3.4.0.8	Q8NAP3	
2.3.4.0.9	O15060	
2.3.4.10.1	Q96ME7	
2.3.4.10.2	Q96KM6	
2.3.4.11.1	ENSG00000196409	
2.3.4.1.1	Q8TAU3	
2.3.4.1.1	Q8TAU3	
2.3.4.12.1	Q2M1K9	
2.3.4.12.2	Q96K83	
2.3.4.1.2	ENSG00000269343	
2.3.4.1.2	Q96SQ5	
2.3.4.13.1	Q9UID6	
2.3.4.13.2	Q9Y462	
2.3.4.1.3	Q9H707	
2.3.4.14.1	Q03112	
2.3.4.14.2	Q9HAZ2	
2.3.4.1.4	ENSG00000204514	
2.3.4.15.1	ENSG00000119866	
2.3.4.15.2	Q9C0K0	
2.3.4.15.3	Q8WUU4	
2.3.4.1.5	ENSG00000196724	
2.3.4.16.1	Q01101	
2.3.4.16.2	Q96T92	
2.3.4.1.6	ENSG00000121417	
2.3.4.17.1	Q14526	
2.3.4.17.2	Q96JB3	
2.3.4.1.7	Q9Y2P7	
2.3.4.18.1	ENSG00000261900	
2.3.4.18.2	Q9C0D4	
2.3.4.19.1	Q01954	
2.3.4.19.2	Q6ZN30	
2.3.4.21.1	Q9BQA5	
2.3.4.21.2	Q9P243	
2.3.4.2.1	Q9P2Y4	
2.3.4.22.1	Q8TF50	
2.3.4.22.2	Q6ZN55	
2.3.4.2.2	O15090	
2.3.4.23.1	Q9P2F9	
2.3.4.23.2	Q8N393	
2.3.4.2.3	Q92618	
2.3.4.24.1	P52741	
2.3.4.24.2	Q8TAW3	
2.3.4.24.3	ENSG00000197128	
2.3.4.24.4	Q3KQV3	
2.3.4.2.4	O75362	
2.3.4.25.1	ENSG00000075407	
2.3.4.25.2	ENSG00000227124	
2.3.4.25.3	ENSG00000198105	
2.3.4.25.4	Q9HCZ1	
2.3.4.25.5	Q96SR6	
2.3.4.25.6	ENSG00000081386	
2.3.4.3.1	Q9NSC2	
2.3.4.3.2	Q9Y467	
2.3.4.3.3	Q9BXA9	
2.3.4.3.4	Q9UJQ4	
2.3.4.4.1	Q13422	
2.3.4.4.2	Q9UKS7	
2.3.4.4.3	Q9UKT9	
2.3.4.4.4	Q9H2S9	
2.3.4.4.5	Q9H5V7	
2.3.4.5.1	P15822	
2.3.4.5.2	P31629	
2.3.4.5.3	Q5T1R4	
2.3.4.6.1	Q9Y2K1	
2.3.4.6.2	Q8N680	
2.3.4.6.3	P24278	
2.3.4.7.1	Q13129	
2.3.4.7.2	O60281	
2.3.4.7.3	Q8IZM8	
2.3.4.8.1	P56270	
2.3.4.8.2	Q14119	
2.3.4.8.3	Q9HBE1	
2.3.4.9.1	Q9HCE3	
2.3.4.9.2	Q92610	
2.3.4.9.3	Q8N1G0	
2.3.5.0.1	O96006	
2.3.5.0.2	Q9BTP6	
2.3.5.0.3	Q96IU2	
2.3.5.0.4	O75132	
2.3.5.0.5	Q49AG3	
2.3.5.0.6	P86452	
2.5.1.0.1	ENSG00000137090	
2.5.1.0.2	Q9Y5R5	
2.5.1.0.3	Q9NQL9	
2.5.1.0.4	Q5VZB9	
2.5.1.0.5	Q96SC8	
2.5.1.0.6	Q96MA1	
2.5.1.0.7	Q8IXT2	
2.5.1.0.8	ENSG00000159123	
2.5.1.0.8	ENSGGOG00000026191	
2.5.1.0.8	ENSPPYG00000020467	
2.5.1.0.8	ENSPTRG00000022030	
2.5.1.0.8	Q5HYR2	
2.6.1.0.1	Q9P0U4	
2.6.1.0.2	Q9UIS9	
2.6.1.0.3	ENSG00000138336	
2.6.1.0.3	ENSG00000187605	
2.6.1.0.4	Q03164	
2.6.1.0.5	Q9Y2K7	
2.6.1.0.6	P26358	
2.6.1.0.7	Q9UMN6	
2.7.1.0.1	Q01538	
2.7.1.0.2	Q9UL68	
2.7.1.0.3	O60284	
2.7.2.0.1	Q8IX07	
2.7.2.0.2	Q8WW38	
2.7.3.0.1	Q9H7Z6	
2.7.3.0.2	O95251	
2.7.3.0.3	Q92794	
2.7.3.0.4	Q8WYB5	
2.7.3.0.5	Q92993	
2.7.4.0.1	Q9Y468	
2.7.5.0.1	Q9NX58	
2.8.1.0.1	Q8N5P1	
2.8.1.0.2	Q9UPT8	
2.8.1.0.3	P61129	
2.8.2.0.1	Q8N5A5	
2.8.3.0.1	Q9HBD1	
2.8.4.0.1	O95628	
2.9.1.0.10	Q9P2Z0	
2.9.1.0.11	Q96EK4	
2.9.1.0.12	O43422	
2.9.1.0.1	Q9NVV9	
2.9.1.0.2	Q9H0W7	
2.9.1.0.3	Q8WTV1	
2.9.1.0.4	Q8WY91	
2.9.1.0.5	Q7Z6K1	
2.9.1.0.6	Q8TBB0	
2.9.1.0.7	Q9BT49	
2.9.1.0.8	Q8NA92	
2.9.1.0.9	Q9H5L6	
3.1.10.1.1	P28069	
3.1.10.2.1	P14859	
3.1.10.2.2	P09086	
3.1.10.2.3	Q9UKI9	
3.1.10.3.1	Q03052	
3.1.10.3.2	P20265	
3.1.10.3.3	P20264	
3.1.10.3.4	P49335	
3.1.10.4.1	ENSG00000152192	
3.1.10.4.2	Q12837	
3.1.10.4.3	Q15319	
3.1.10.5.2	Q06416	
3.1.10.5.2	Q06416	
3.1.10.5.4	ENSG00000248483	
3.1.10.6.1	Q14863	
3.1.10.6.2	P78424	
3.1.10.7.1	P20823	
3.1.10.7.2	ENSG00000108753	
3.1.10.7.3	Q6NT76	
3.1.10.8.1	Q7Z353	
3.1.1.10.1	P49640	
3.1.11.0.1	Q9UMS5	
3.1.1.10.2	Q03828	
3.1.11.0.2	Q8N3S3	
3.1.1.11.1	ENSPTRG00000019877	
3.1.1.11.1	Q14549	
3.1.1.11.2	P52951	
3.1.1.1.1	P49639	
3.1.1.12.1	Q9H4S2	
3.1.1.12.2	Q9BZM3	
3.1.1.1.2	P14653	
3.1.1.13.1	P50219	
3.1.1.1.3	ENSG00000128645	
3.1.1.14.1	P50221	
3.1.1.14.2	P50222	
3.1.1.15.1	P52945	
3.1.1.2.1	O43364	
3.1.1.2.2	P14652	
3.1.1.3.1	O43365	
3.1.1.3.2	P14651	
3.1.1.3.3	P31249	
3.1.1.4.1	Q00056	
3.1.1.4.2	P17483	
3.1.1.4.3	P09017	
3.1.1.4.4	P09016	
3.1.1.5.1	P20719	
3.1.1.5.2	P09067	
3.1.1.5.3	ENSG00000172789	
3.1.1.6.1	P31267	
3.1.1.6.2	P17509	
3.1.1.6.3	P09630	
3.1.1.6.4	P31268	
3.1.1.6.5	P09629	
3.1.1.7.1	P17481	
3.1.1.7.2	P31273	
3.1.1.7.3	P13378	
3.1.1.8.10	O43248	
3.1.1.8.11	P31277	
3.1.1.8.12	P35452	
3.1.1.8.13	P35452	
3.1.1.8.14	P31271	
3.1.1.8.15	Q92826	
3.1.1.8.16	ENSG00000123364	
3.1.1.8.17	P35453	
3.1.1.8.1	P31269	
3.1.1.8.1	P31269	
3.1.1.8.2	P17482	
3.1.1.8.3	P31274	
3.1.1.8.4	ENSG00000128709	
3.1.1.8.5	ENSG00000253293	
3.1.1.8.7	Q9NYD6	
3.1.1.8.8	P28358	
3.1.1.8.9	O43248	
3.1.1.9.1	P47902	
3.1.1.9.2	Q99626	
3.1.1.9.3	O14627	
3.1.2.10.1	P52954	
3.1.2.10.2	Q6XYB7	
3.1.2.11.1	P28360	
3.1.2.11.2	P35548	
3.1.2.1.1	ENSGGOG00000008307	
3.1.2.1.1	ENSPTRG00000021499	
3.1.2.1.1	Q9BZE3	
3.1.2.12.1	ENSG00000111704	
3.1.2.1.2	Q9NY43	
3.1.2.13.1	Q15270	
3.1.2.13.2	ENSG00000229544	
3.1.2.14.1	ENSG00000136352	
3.1.2.14.2	ENSG00000125816	
3.1.2.15.1	O95096	
3.1.2.15.2	O15522	
3.1.2.16.1	Q99801	
3.1.2.16.2	P78367	
3.1.2.17.1	Q8TAU0	
3.1.2.17.2	P52952	
3.1.2.17.3	A6NCS4	
3.1.2.18.1	ENSG00000215612	
3.1.2.18.2	ENSG00000188816	
3.1.2.18.3	A6NHT5	
3.1.2.19.1	P78426	
3.1.2.19.2	Q9C056	
3.1.2.19.3	ENSG00000165066	
3.1.2.20.1	A8MTQ0	
3.1.2.21.1	P31314	
3.1.2.21.2	O43763	
3.1.2.21.3	O43711	
3.1.2.2.1	ENSG00000131668	
3.1.2.22.1	Q5SQQ9	
3.1.2.22.2	ENSG00000116035	
3.1.2.2.2	Q9UMQ3	
3.1.2.23.1	O95231	
3.1.2.3.1	Q3C1V8	
3.1.2.4.1	A6NMT0	
3.1.2.4.2	Q6ZNG2	
3.1.2.5.1	P56177	
3.1.2.5.2	ENSG00000115844	
3.1.2.5.3	O60479	
3.1.2.5.4	Q92988	
3.1.2.5.5	P56178	
3.1.2.5.6	P56179	
3.1.2.6.1	Q04741	
3.1.2.6.2	Q04743	
3.1.2.7.1	Q05925	
3.1.2.7.2	P19622	
3.1.2.8.1	Q03014	
3.1.2.9.1	Q14774	
3.1.3.10.1	Q9UBX0	
3.1.3.11.1	Q9BPY8	
3.1.3.1.1	Q15699	
3.1.3.12.1	Q2M1V0	
3.1.3.1.2	O95076	
3.1.3.13.1	A8MZ59	
3.1.3.1.3	Q9H161	
3.1.3.14.1	ENSG00000185155	
3.1.3.15.1	O60393	
3.1.3.16.1	Q5XKR4	
3.1.3.17.1	P32242	
3.1.3.17.2	P32243	
3.1.3.17.3	ENSG00000105392	
3.1.3.18.1	O14813	
3.1.3.18.2	Q99453	
3.1.3.19.1	ENSG00000069011	
3.1.3.19.2	Q99697	
3.1.3.19.3	O75364	
3.1.3.20.1	O75360	
3.1.3.21.1	P54821	
3.1.3.21.2	Q99811	
3.1.3.2.1	A6NJG6	
3.1.3.22.1	Q9Y2V3	
3.1.3.22.2	Q96IS3	
3.1.3.23.1	Q8NHV9	
3.1.3.23.2	P0C7M4	
3.1.3.23.2	Q9BQY4	
3.1.3.24.1	ENSG00000263225	
3.1.3.25.1	ENSG00000185960	
3.1.3.25.2	O60902	
3.1.3.26.1	Q8N7U7	
3.1.3.26.2	Q17RH7	
3.1.3.27.1	A6NJT0	
3.1.3.28.1	Q9NZR4	
3.1.3.28.2	P58304	
3.1.3.3.1	Q96QS3	
3.1.3.4.1	Q8NFW5	
3.1.3.5.1	A6NFQ7	
3.1.3.6.1	A6NNA5	
3.1.3.7.1	A6NLW8	
3.1.3.7.5	ENSG00000258389	
3.1.3.7.5	ENSG00000258697	
3.1.3.7.5	ENSG00000258755	
3.1.3.7.5	ENSG00000259034	
3.1.3.7.5	ENSG00000259063	
3.1.3.7.5	ENSG00000259128	
3.1.3.7.9	P0CJ87	
3.1.3.8.1	ENSG00000123576	
3.1.3.9.1	P56915	
3.1.3.9.2	O15499	
3.1.4.1.1	P40424	
3.1.4.1.1	P78414	
3.1.4.1.2	P40425	
3.1.4.1.2	Q9BZI1	
3.1.4.1.3	P40426	
3.1.4.1.3	P78415	
3.1.4.1.4	P78413	
3.1.4.1.4	Q9BYU1	
3.1.4.1.5	P78411	
3.1.4.1.6	ENSG00000159387	
3.1.4.2.1	O00470	
3.1.4.2.2	O14770	
3.1.4.2.3	Q99687	
3.1.4.3.1	Q8IYA7	
3.1.4.4.1	P55347	
3.1.4.4.2	P40425	
3.1.4.5.1	Q15583	
3.1.4.5.2	Q9GZN2	
3.1.4.5.3	Q8IUE1	
3.1.4.5.4	Q8IUE0	
3.1.5.1.1	P61371	
3.1.5.1.2	Q96A47	
3.1.5.2.1	ENSG00000132130	
3.1.5.2.2	Q9H2C1	
3.1.5.3.1	P50458	
3.1.5.3.2	Q9NQ69	
3.1.5.4.1	Q9UBR4	
3.1.5.4.2	Q969G2	
3.1.5.5.1	Q9UPM6	
3.1.5.5.2	Q68G74	
3.1.5.6.1	Q8TE12	
3.1.5.6.2	O60663	
3.1.6.1.1	Q15475	
3.1.6.1.2	Q9NPC8	
3.1.6.2.1	O95343	
3.1.6.2.2	O95475	
3.1.6.3.1	Q9UIU6	
3.1.6.3.2	Q8N196	
3.1.7.0.1	Q92786	
3.1.7.0.2	Q3B8N5	
3.1.8.1.1	Q9H2P0	
3.1.8.1.2	Q6IQ32	
3.1.8.2.1	Q6ZSZ6	
3.1.8.2.2	Q9NRE2	
3.1.8.2.3	Q63HK5	
3.1.8.3.1	P37275	
3.1.8.3.2	O60315	
3.1.8.4.1	Q9C0A1	
3.1.8.4.2	Q15911	
3.1.8.4.3	Q86UP3	
3.1.8.5.1	Q9UKY1	
3.1.8.5.2	Q9Y6X8	
3.1.8.5.3	Q9H4I2	
3.1.8.5.4	Q8IX15	
3.1.8.5.5	Q7Z5D8	
3.1.8.5.5	Q7Z5D8	
3.1.9.1.1	Q9UBC0	
3.1.9.1.2	O95948	
3.1.9.1.3	ENSG00000205922	
3.1.9.2.1	Q13948	
3.1.9.2.2	O14529	
3.1.9.3.1	Q01826	
3.1.9.3.2	Q9UPW6	
3.2.1.1.1	P23760	
3.2.1.1.2	P23759	
3.2.1.2.1	O43316	
3.2.1.2.2	P26367	
3.2.2.1.1	P15863	
3.2.2.1.2	P55771	
3.2.2.2.1	Q02962	
3.2.2.2.2	ENSG00000196092	
3.2.2.2.3	Q06710	
3.3.1.10.1	Q92949	
3.3.1.10.2	Q9P0K8	
3.3.1.10.3	Q9UPW0	
3.3.1.11.1	P85037	
3.3.1.11.2	Q01167	
3.3.1.1.1	P55317	
3.3.1.12.1	Q12952	
3.3.1.12.2	ENSG00000183770	
3.3.1.1.2	Q9Y261	
3.3.1.13.1	Q08050	
3.3.1.1.3	P55318	
3.3.1.14.1	O15353	
3.3.1.14.2	P32314	
3.3.1.14.3	ENSG00000053254	
3.3.1.14.4	Q96NZ1	
3.3.1.15.1	Q12778	
3.3.1.15.2	O43524	
3.3.1.15.3	P98177	
3.3.1.15.5	A8MYZ6	
3.3.1.16.1	Q9H334	
3.3.1.16.2	O15409	
3.3.1.16.3	Q9BZS1	
3.3.1.16.4	Q8IVH2	
3.3.1.17.1	Q9C009	
3.3.1.18.1	Q6PIV2	
3.3.1.18.2	Q6PJQ5	
3.3.1.19.1	O43638	
3.3.1.2.1	Q99853	
3.3.1.2.2	Q5VYV0	
3.3.1.3.1	Q12948	
3.3.1.3.2	Q99958	
3.3.1.4.10	ENSG00000204793	
3.3.1.4.1	Q16676	
3.3.1.4.2	O60548	
3.3.1.4.3	Q9UJU5	
3.3.1.4.4	Q12950	
3.3.1.4.5	Q9NU39	
3.3.1.4.7	Q6VB84	
3.3.1.4.8	ENSG00000204828	
3.3.1.4.8	Q8WXT5	
3.3.1.4.9	Q5VV16	
3.3.1.5.1	O00358	
3.3.1.5.2	ENSG00000186790	
3.3.1.6.1	Q12946	
3.3.1.6.2	Q12947	
3.3.1.7.1	P55316	
3.3.1.8.1	O75593	
3.3.1.9.1	Q12951	
3.3.1.9.2	ENSG00000186766	
3.3.2.1.1	Q01094	
3.3.2.1.2	Q14209	
3.3.2.1.3	O00716	
3.3.2.1.4	Q16254	
3.3.2.1.5	Q15329	
3.3.2.1.6	O75461	
3.3.2.1.7	Q96AV8	
3.3.2.1.8	A0AVK6	
3.3.2.2.1	ENSPPYG00000025889	
3.3.2.2.1	Q14186	
3.3.2.2.2	ENSPPYG00000014170	
3.3.2.2.2	Q14188	
3.3.2.2.2	Q5H9I0	
3.3.3.0.1	P22670	
3.3.3.0.2	ENSG00000087903	
3.3.3.0.3	ENSG00000080298	
3.3.3.0.4	Q33E94	
3.3.3.0.5	P48382	
3.3.3.0.6	Q8HWS3	
3.3.3.0.7	Q2KHR2	
3.3.3.0.8	Q6ZV50	
3.4.1.0.10	A0A1B0GWH4	
3.4.1.0.1	Q00613	
3.4.1.0.2	Q03933	
3.4.1.0.4	Q9ULV5	
3.4.1.0.5	Q9UBD0	
3.4.1.0.6	ENSG00000171116	
3.4.1.0.6	ENSG00000171129	
3.4.1.0.8	Q96LI6	
3.4.1.0.8	Q96LI6	
3.5.1.1.1	ENSG00000118513	
3.5.1.1.2	ENSG00000185697	
3.5.1.1.3	P10244	
3.5.1.1.4	Q99459	
3.5.1.1.5	Q5SXM2	
3.5.1.2.1	O75376	
3.5.1.2.2	Q9Y618	
3.5.1.2.3	Q9UKL0	
3.5.1.2.4	Q8IZ40	
3.5.1.2.5	Q9P2K3	
3.5.1.3.10	Q9H0D2	
3.5.1.3.11	Q96RY5	
3.5.1.3.12	Q6PJG2	
3.5.1.3.1	Q8N108	
3.5.1.3.2	Q8N344	
3.5.1.3.3	Q7Z3K6	
3.5.1.3.4	Q13330	
3.5.1.3.5	O94776	
3.5.1.3.6	Q9BTC8	
3.5.1.3.7	Q9P2R6	
3.5.1.3.8	Q9NPF5	
3.5.1.3.9	Q96PN7	
3.5.1.4.1	Q96KC8	
3.5.1.4.2	Q99543	
3.5.1.5.1	P28370	
3.5.1.5.2	O60264	
3.5.1.6.1	ENSG00000108264	
3.5.1.6.2	Q86TJ2	
3.5.1.6.3	Q92922	
3.5.1.6.4	Q8TAQ2	
3.5.1.7.1	Q9Y222	
3.5.2.1.10	P50548	
3.5.2.1.11	P50548	
3.5.2.1.1	P14921	
3.5.2.1.2	P15036	
3.5.2.1.4	Q06546	
3.5.2.1.5	Q06546	
3.5.2.1.6	ENSG00000151702	
3.5.2.1.7	ENSG00000157554	
3.5.2.1.8	Q99581	
3.5.2.1.9	P41162	
3.5.2.2.1	P19419	
3.5.2.2.2	P41970	
3.5.2.2.3	P28324	
3.5.2.2.4	P50549	
3.5.2.2.5	P43268	
3.5.2.2.6	P41161	
3.5.2.3.1	P32519	
3.5.2.3.2	Q15723	
3.5.2.3.3	Q99607	
3.5.2.4.1	Q9NZC4	
3.5.2.4.2	P78545	
3.5.2.4.3	Q9UKW6	
3.5.2.5.1	P17947	
3.5.2.5.2	Q01892	
3.5.2.5.2	Q01892	
3.5.2.5.3	Q8N5J4	
3.5.2.6.1	P41212	
3.5.2.6.2	Q9Y603	
3.5.2.7.1	O95238	
3.5.3.0.1	P10914	
3.5.3.0.2	P14316	
3.5.3.0.3	Q14653	
3.5.3.0.4	Q15306	
3.5.3.0.5	Q13568	
3.5.3.0.6	O14896	
3.5.3.0.7	Q92985	
3.5.3.0.8	Q02556	
3.5.3.0.9	Q00978	
3.6.1.0.1	P28347	
3.6.1.0.2	Q15561	
3.6.1.0.3	Q15562	
3.6.1.0.4	Q99594	
3.7.1.1.1	O14497	
3.7.1.1.2	Q8NFD5	
3.7.1.2.1	Q68CP9	
3.7.1.3.1	Q8IVW6	
3.7.1.3.1	Q99856	
3.7.1.3.1	Q99856	
3.7.1.4.1	P29374	
3.7.1.4.2	Q4LE39	
3.7.1.5.1	Q03989	
3.7.1.5.2	Q14865	
3.7.1.6.1	P29375	
3.7.1.6.2	Q9UGL1	
3.7.1.6.3	P41229	
3.7.1.6.3	Q9BY66	
3.7.1.7.1	Q92833	
4.1.1.1.1	Q05066	
4.1.1.2.1	O00570	
4.1.1.2.2	P48431	
4.1.1.2.3	P41225	
4.1.1.2.4	O95416	
4.1.1.2.5	Q9Y651	
4.1.1.3.1	Q06945	
4.1.1.3.2	P35716	
4.1.1.3.3	O15370	
4.1.1.4.1	P35711	
4.1.1.4.2	P35712	
4.1.1.4.3	Q9UN79	
4.1.1.5.1	P57073	
4.1.1.5.2	P48436	
4.1.1.5.3	P56693	
4.1.1.6.1	Q9BT81	
4.1.1.6.2	ENSG00000164736	
4.1.1.6.3	P35713	
4.1.1.7.1	O60248	
4.1.1.8.1	O94993	
4.1.1.9.1	Q96RK0	
4.1.1.9.2	O60381	
4.1.1.9.3	Q8WY36	
4.1.2.0.1	O94900	
4.1.2.0.2	Q96NM4	
4.1.2.0.3	O15405	
4.1.2.0.4	O94842	
4.1.2.0.5	ENSG00000073584	
4.1.2.0.6	Q9NP66	
4.1.2.0.7	ENSG00000064961	
4.1.2.0.8	Q12766	
4.1.3.0.1	P36402	
4.1.3.0.2	Q9HCS4	
4.1.3.0.3	Q9NQB0	
4.1.3.0.4	Q9UJU2	
4.1.3.0.5	P21675	
4.1.3.0.5	Q8IZX4	
4.1.4.0.1	Q86U86	
4.1.4.0.2	Q9UGU5	
4.1.5.0.1	O96028	
4.1.5.0.2	Q08945	
4.1.6.1.1	P17480	
4.1.6.2.1	P0CB47	
4.1.7.0.1	Q00059	
4.2.1.0.1	P23511	
4.2.1.0.2	P25208	
4.2.1.0.3	Q13952	
5.1.1.1.1	Q02078	
5.1.1.1.2	Q02080	
5.1.1.1.2	Q02080	
5.1.1.1.3	Q06413	
5.1.1.1.4	Q14814	
5.1.2.0.1	P11831	
5.3.1.0.1	O43918	
5.3.2.0.1	O75398	
5.3.3.1.1	Q9Y692	
5.3.3.1.2	Q9UKD1	
5.3.4.0.1	Q9HB58	
5.3.5.1.1	Q13342	
5.3.5.1.2	Q9H930	
5.3.5.2.1	P23497	
6.1.1.1.1	P19838	
6.1.1.1.2	Q00653	
6.1.1.2.1	Q04206	
6.1.1.2.2	Q01201	
6.1.1.2.3	Q04864	
6.1.2.1.8	P20749	
6.1.2.2.1	Q8WUF5	
6.1.3.0.1	O95644	
6.1.3.0.2	Q13469	
6.1.3.0.3	Q12968	
6.1.3.0.4	Q14934	
6.1.3.0.5	O94916	
6.1.4.1.1	Q06330	
6.1.4.1.2	Q9UBG7	
6.1.5.0.1	Q9UH73	
6.1.5.0.1	Q9UH73	
6.1.5.0.1	Q9UH73	
6.1.5.0.1	Q9UH73	
6.1.5.0.1	Q9UH73	
6.1.5.0.2	Q9HAK2	
6.1.5.0.3	Q9H4W6	
6.1.5.0.4	Q9BQW3	
6.2.1.0.1	P42224	
6.2.1.0.2	P52630	
6.2.1.0.3	P40763	
6.2.1.0.4	Q14765	
6.2.1.0.5	P42229	
6.2.1.0.6	P51692	
6.2.1.0.7	P42226	
6.3.1.0.1	P04637	
6.3.1.0.2	Q9H3D4	
6.3.1.0.3	O15350	
6.4.1.0.1	Q13950	
6.4.1.0.2	Q01196	
6.4.1.0.3	Q13761	
6.5.1.0.1	O15178	
6.5.1.0.1	O60806	
6.5.1.0.2	O60806	
6.5.3.0.1	O43435	
6.5.3.0.2	O75333	
6.5.3.0.3	Q96SF7	
6.5.3.0.4	O95935	
6.5.3.0.5	Q9UMR3	
6.5.3.0.6	Q9Y458	
6.5.4.0.1	Q13207	
6.5.4.0.2	O15119	
6.5.4.0.3	P57082	
6.5.4.0.4	Q99593	
6.5.5.0.1	O95947	
6.5.5.0.2	Q8IWI9	
6.6.1.0.1	Q9Y2G1	
6.7.1.1.1	Q9NZI5	
6.7.1.1.2	Q6ISB3	
6.7.1.1.3	Q8TE85	
6.7.2.0.1	Q12800	
6.7.2.0.2	Q9NZI6	
6.7.2.0.3	Q9NZI7	
7.1.1.1.1	ENSG00000170365	
7.1.1.1.2	Q15796	
7.1.1.1.3	P84022	
7.1.1.1.4	ENSG00000113658	
7.1.1.1.5	ENSG00000120693	
7.1.1.2.1	Q13485	
7.1.1.3.1	O43541	
7.1.1.3.2	O15105	
7.1.2.0.1	ENSG00000162599	
7.1.2.0.2	O00712	
7.1.2.0.3	P08651	
7.1.2.0.4	Q14938	
7.2.1.0.1	Q9NP62	
7.2.1.0.2	O75603	
8.1.1.0.1	P20226	
8.1.1.0.2	P62380	
8.1.1.0.3	Q6SJ96	
8.2.1.0.1	ENSG00000137309	
8.2.1.0.2	ENSG00000149948	
8.2.1.0.2	ENSG00000158427	
8.2.1.0.2	ENSG00000258792	
8.2.1.0.2	ENSG00000267942	
8.2.1.0.2	ENSG00000269103	
8.2.1.0.2	ENSG00000269121	
8.2.1.0.2	ENSG00000269291	
9.1.1.1.1	P16989	
9.1.1.2.1	P67809	
9.1.1.3.1	Q9Y2T7	
